"","NO_","POI","NOMBRE_POI","ESPECIALID","DIRECCION","NUMEXT","INTERIOR","CP","SENAS","COLONIA","DELEGACION","SECTOR","LATITUDE","LONGITUDE","TIPO","PROY_CART","CREACION","ACTUALIZAC","COB1_STV","COB2_TOTEM","FUENTE","ID_ESTADO","IDENT_CATE","IDENT_SUBC","IDENT_POI","INFORMACIO"
"1","C5-25-00001","PANTEONES","PANTEON SANTA MARIA NATIVITAS ZACAPAN","PANTEON - CEMENTERIO","CAM A SANTA CECILIA","SN","SN",16450,"JUAN BADIANO","LOMAS DE TONALCO","XOCHIMILCO","TEPEPAN",19.24416402,-99.09682265,"CAPA 25","EPSG:4326 - WGS 84 - GEOGRAFICA","01/01/2013","23/02/2022","16784","MC13368, MC13369, MC19132, MC19133","STREET VIEW",9,"VERDADERO",25,"C5-25-00001","PANTEON SANTA MARIA NATIVITAS ZACAPAN, CAM A SANTA CECILIA, JUAN BADIANO, LOMAS DE TONALCO, XOCHIMILCO"
"2","C5-25-00002","PANTEONES","PANTEON NUEVO TECACALANCO SANTA CRUZ","PANTEON - CEMENTERIO","QUETZALCOATL","SN","SN",16515,"LA CRUZ","TECACALANCO","XOCHIMILCO","TEPEPAN",19.237187,-99.067441,"CAPA 25","EPSG:4326 - WGS 84 - GEOGRAFICA","01/01/2013","23/02/2022","","MC19135","STREET VIEW",9,"VERDADERO",25,"C5-25-00002","PANTEON NUEVO TECACALANCO SANTA CRUZ, QUETZALCOATL, LA CRUZ, TECACALANCO, XOCHIMILCO"
"3","C5-25-00003","PANTEONES","PANTEON XILOTEPEC","PANTEON - CEMENTERIO","CARR A SANTIAGO","SN","SN",16030,"REFORMA Y 5 DE MAYO","LA NORIA TEPEPAN","XOCHIMILCO","LA NORIA",19.26040473,-99.12258539,"CAPA 25","EPSG:4326 - WGS 84 - GEOGRAFICA","01/01/2013","23/02/2022","4249, 16865, 16864,4246","MC13416, MC13396, MC19121, MC19120, MC19119, MC13341, MC19124, MC19122, MC19123","STREET VIEW",9,"VERDADERO",25,"C5-25-00003","PANTEON XILOTEPEC, CARR A SANTIAGO, REFORMA Y 5 DE MAYO, LA NORIA TEPEPAN, XOCHIMILCO"
"4","C5-25-00004","PANTEONES","PANTEON PEÃ‘ON DE LOS BAÃ‘OS","PANTEON - CEMENTERIO","SOLES","SN","SN",15520,"HERMOSILLO","PENSADOR MEXICANO","VENUSTIANO CARRANZA","MOCTEZUMA",19.442623,-99.080706,"CAPA 25","EPSG:4326 - WGS 84 - GEOGRAFICA","01/01/2013","23/02/2022","11987, 3899","MC19117, MC19118","STREET VIEW",9,"VERDADERO",25,"C5-25-00004","PANTEON PEÃ‘ON DE LOS BAÃ‘OS, SOLES, HERMOSILLO, PENSADOR MEXICANO, VENUSTIANO CARRANZA"
"5","C5-25-00005","PANTEONES","PANTEON SAN ANDRES AHUAYUCAN","PANTEON - CEMENTERIO","NIÃ‘OS HEROES","SN","SN",16800,"ENTRE MATAMOROS Y MIGUEL","QUIRINO MENDOZA (SAN LUCAS XOCHIMANCA)","XOCHIMILCO","LA NORIA",19.22988994,-99.10898427,"CAPA 25","EPSG:4326 - WGS 84 - GEOGRAFICA","01/01/2013","23/02/2022","","MC13418,MC19125,MC13440,MC13423","STREET VIEW",9,"VERDADERO",25,"C5-25-00005","PANTEON SAN ANDRES AHUAYUCAN, NIÃ‘OS HEROES, ENTRE MATAMOROS Y MIGUEL, QUIRINO MENDOZA (SAN LUCAS XOCHIMANCA), XOCHIMILCO"
"6","C5-25-00006","PANTEONES","PANTEON SAN FRANCISCO TLALNEPANTLA","PANTEON - CEMENTERIO","PROLONGACION REFORMA","SN","SN",16889,"","SAN FRANCISCO TLALNEPANTLA","XOCHIMILCO","LA NORIA",19.19362159,-99.12064888,"CAPA 25","EPSG:4326 - WGS 84 - GEOGRAFICA","01/01/2013","23/02/2022","","MC19126","STREET VIEW",9,"VERDADERO",25,"C5-25-00006","PANTEON SAN FRANCISCO TLALNEPANTLA, PROLONGACION REFORMA, , SAN FRANCISCO TLALNEPANTLA, XOCHIMILCO"
"7","C5-25-00007","PANTEONES","PANTEON SAN GREGORIO ATLAPULCO","PANTEON - CEMENTERIO","AVENIDA MEXICO ORIENTE","SN","SN",16600,"ENTRE ALTAVISTA Y CALVARI","SAN GREGORIO ATLAPULCO","XOCHIMILCO","TEPEPAN",19.25413928,-99.04810242,"CAPA 25","EPSG:4326 - WGS 84 - GEOGRAFICA","01/01/2013","23/02/2022","16910","MC13509","STREET VIEW",9,"VERDADERO",25,"C5-25-00007","PANTEON SAN GREGORIO ATLAPULCO, AVENIDA MEXICO ORIENTE, ENTRE ALTAVISTA Y CALVARI, SAN GREGORIO ATLAPULCO, XOCHIMILCO"
"8","C5-25-00008","PANTEONES","PANTEON SAN JOSE","PANTEON - CEMENTERIO","SANTIAGO","SN","SN",8220,"ANDRES MOLINA E","SAN PEDRO","IZTACALCO","IZTACCIHUATL",19.392859,-99.13012,"CAPA 25","EPSG:4326 - WGS 84 - GEOGRAFICA","01/01/2013","23/02/2022","11400, 7774","MC6430, MC6452, MC19043, MC19046, MC6453, MC19045, MC6448, MC19044","STREET VIEW",9,"VERDADERO",25,"C5-25-00008","PANTEON SAN JOSE, SANTIAGO, ANDRES MOLINA E, SAN PEDRO, IZTACALCO"
"9","C5-25-00009","PANTEONES","PANTEON SAN LORENZO","PANTEON - CEMENTERIO","CAM A SAN LORENZO","SN","SN",16400,"CDA SANTA MARIA NATIVITAS","SAN LORENZO ATEMOAYA","XOCHIMILCO","TEPEPAN",19.23854131,-99.09966788,"CAPA 25","EPSG:4326 - WGS 84 - GEOGRAFICA","01/01/2013","23/02/2022","4271","MC19130","STREET VIEW",9,"VERDADERO",25,"C5-25-00009","PANTEON SAN LORENZO, CAM A SAN LORENZO, CDA SANTA MARIA NATIVITAS, SAN LORENZO ATEMOAYA, XOCHIMILCO"
"10","C5-25-00010","PANTEONES","PANTEON SAN LUCAS XOCHIMANCA","PANTEON - CEMENTERIO","CAM AL MIRADOR","SN","SN",16810,"RIO SAN LUCAS","EL MIRADOR I","XOCHIMILCO","LA NORIA",19.23584362,-99.11008116,"CAPA 25","EPSG:4326 - WGS 84 - GEOGRAFICA","01/01/2013","23/02/2022","","MC13631,MC19241","STREET VIEW",9,"VERDADERO",25,"C5-25-00010","PANTEON SAN LUCAS XOCHIMANCA, CAM AL MIRADOR, RIO SAN LUCAS, EL MIRADOR I, XOCHIMILCO"
"11","C5-25-00011","PANTEONES","PANTEON SAN LUIS TLAXIALTEMALCO","PANTEON - CEMENTERIO","CALVARIO","SN","SN",16629,"TETLALI","BARRIO LA GUADALUPANA","XOCHIMILCO","TEPEPAN",19.25453969,-99.03552496,"CAPA 25","EPSG:4326 - WGS 84 - GEOGRAFICA","01/01/2013","23/02/2022","","MC13653, MC13543","STREET VIEW",9,"VERDADERO",25,"C5-25-00011","PANTEON SAN LUIS TLAXIALTEMALCO, CALVARIO, TETLALI, BARRIO LA GUADALUPANA, XOCHIMILCO"
"12","C5-25-00012","PANTEONES","PANTEON SAN MATEO","PANTEON - CEMENTERIO","CARR A TOPILEJO","SN","SN",16866,"ENTRE PASEO DE LA CRUZ Y","SAN MIGUEL","XOCHIMILCO","LA NORIA",19.21944325,-99.12683715,"CAPA 25","EPSG:4326 - WGS 84 - GEOGRAFICA","01/01/2013","23/02/2022","","MC19134","STREET VIEW",9,"VERDADERO",25,"C5-25-00012","PANTEON SAN MATEO, CARR A TOPILEJO, ENTRE PASEO DE LA CRUZ Y, SAN MIGUEL, XOCHIMILCO"
"13","C5-25-00013","PANTEONES","PANTEON SANTA CECILIA TEPETLAPA","PANTEON - CEMENTERIO","PARAJE","SN","SN",16888,"","ZONA RUSTICA XOCHIMILCO","XOCHIMILCO","LA NORIA",19.20979365,-99.10218767,"CAPA 25","EPSG:4326 - WGS 84 - GEOGRAFICA","01/10/2017","23/02/2022","","","STREET VIEW",9,"VERDADERO",25,"C5-25-00013","PANTEON SANTA CECILIA TEPETLAPA, PARAJE, , ZONA RUSTICA XOCHIMILCO, XOCHIMILCO"
"14","C5-25-00014","PANTEONES","PANTEON SANTA CRUZ ACALPIXCA VIEJO","PANTEON - CEMENTERIO","2 DE ABRIL 355","SN","SN",16530,"CALVARIO","BARRIO LAS CRUCES","XOCHIMILCO","TEPEPAN",19.24347616,-99.07409726,"CAPA 25","EPSG:4326 - WGS 84 - GEOGRAFICA","01/01/2013","23/02/2022","7687","","STREET VIEW",9,"VERDADERO",25,"C5-25-00014","PANTEON SANTA CRUZ ACALPIXCA VIEJO, 2 DE ABRIL 355, CALVARIO, BARRIO LAS CRUCES, XOCHIMILCO"
"15","C5-25-00015","PANTEONES","PANTEON SANTIAGO TEPALCATLALPAN","PANTEON - CEMENTERIO","TEPALCATLALPAN","SN","SN",16200,"ENTRE ZAPOCO Y DEL PANTEO","SANTIAGO TEPALCATLALPAN","XOCHIMILCO","LA NORIA",19.25134845,-99.12747017,"CAPA 25","EPSG:4326 - WGS 84 - GEOGRAFICA","01/01/2013","23/02/2022","","MC13912, MC19141, MC19142, MC19140","STREET VIEW",9,"VERDADERO",25,"C5-25-00015","PANTEON SANTIAGO TEPALCATLALPAN, TEPALCATLALPAN, ENTRE ZAPOCO Y DEL PANTEO, SANTIAGO TEPALCATLALPAN, XOCHIMILCO"
"16","C5-25-00016","PANTEONES","PANTEON SANTA MARIA TEPEPAN","PANTEON - CEMENTERIO","CUAUHTEMOC","SN","SN",16020,"ABASOLO","SANTA MARIA TEPEPAN","XOCHIMILCO","LA NORIA",19.27530701,-99.13964997,"CAPA 25","EPSG:4326 - WGS 84 - GEOGRAFICA","01/01/2013","23/02/2022","","MC19139, MC19138","STREET VIEW",9,"VERDADERO",25,"C5-25-00016","PANTEON SANTA MARIA TEPEPAN, CUAUHTEMOC, ABASOLO, SANTA MARIA TEPEPAN, XOCHIMILCO"
"17","C5-25-00017","PANTEONES","PANTEON TULYEHUALCO","PANTEON - CEMENTERIO","FRANCISCO I. MADERO","SN","SN",16770,"ENTRE MARIA ISABEL E IGNA","SAN FELIPE","XOCHIMILCO","TEPEPAN",19.25572261,-99.02136646,"CAPA 25","EPSG:4326 - WGS 84 - GEOGRAFICA","01/01/2013","23/02/2022","16772","MC13466, MC19246, MC19144, MC19143, MC18053, MC19245","STREET VIEW",9,"VERDADERO",25,"C5-25-00017","PANTEON TULYEHUALCO, FRANCISCO I. MADERO, ENTRE MARIA ISABEL E IGNA, SAN FELIPE, XOCHIMILCO"
"18","C5-25-00018","PANTEONES","PANTEON CIVIL SAN ISIDRO","PANTEON - CEMENTERIO","EJE 3 NORTE","SN","SN",2710,"RENACIMIENTO","SAN JUAN TLIHUACA","AZCAPOTZALCO","CLAVERIA",19.485453,-99.20566,"CAPA 25","EPSG:4326 - WGS 84 - GEOGRAFICA","01/01/2013","23/02/2022","13091, 6395, 12786, 13081, 13080, 4680","MC19010, MC19007, MC17781, MC19008, MC19009, MC17758","STREET VIEW",9,"VERDADERO",25,"C5-25-00018","PANTEON CIVIL SAN ISIDRO, EJE 3 NORTE, RENACIMIENTO, SAN JUAN TLIHUACA, AZCAPOTZALCO"
"19","C5-25-00019","PANTEONES","PANTEON GRAL. SANTA CRUZ ACAYUCAN","PANTEON - CEMENTERIO","CAM DE NEXTENGO","87","SN",2790,"PONIENTE 74","SANTA APOLONIA","AZCAPOTZALCO","CLAVERIA",19.473297,-99.193508,"CAPA 25","EPSG:4326 - WGS 84 - GEOGRAFICA","01/01/2013","23/02/2022","4709","MC19016","STREET VIEW",9,"VERDADERO",25,"C5-25-00019","PANTEON GRAL. SANTA CRUZ ACAYUCAN, CAM DE NEXTENGO, PONIENTE 74, SANTA APOLONIA, AZCAPOTZALCO"
"20","C5-25-00020","PANTEONES","PANTEON SAN JOSE","PANTEON - CEMENTERIO","SAN CARLOS","SN","SN",2100,"CALZ DE LOS ANGELES","SAN MARTIN XOCHINAHUAC","AZCAPOTZALCO","HORMIGA",19.50088144,-99.19764593,"CAPA 25","EPSG:4326 - WGS 84 - GEOGRAFICA","01/10/2017","23/02/2022","12938","MC19146, MC19013","STREET VIEW",9,"VERDADERO",25,"C5-25-00020","PANTEON SAN JOSE, SAN CARLOS, CALZ DE LOS ANGELES, SAN MARTIN XOCHINAHUAC, AZCAPOTZALCO"
"21","C5-25-00021","PANTEONES","PANTEON SAN PEDRO XALPA","PANTEON - CEMENTERIO","MIGUEL HIDALGO","SN","SN",2710,"ENTRE ZARAGOZA Y JUSTO SI","SAN PEDRO XALPA","AZCAPOTZALCO","CLAVERIA",19.48399098,-99.21047001,"CAPA 25","EPSG:4326 - WGS 84 - GEOGRAFICA","01/01/2013","23/02/2022","4577","MC19015, MC19014, MC1635","STREET VIEW",9,"VERDADERO",25,"C5-25-00021","PANTEON SAN PEDRO XALPA, MIGUEL HIDALGO, ENTRE ZARAGOZA Y JUSTO SI, SAN PEDRO XALPA, AZCAPOTZALCO"
"22","C5-25-00022","PANTEONES","PANTEON SANTA LUCIA","PANTEON - CEMENTERIO","AV TEZOZOMOC","106","SN",2760,"CAM A NEXTENGO","SANTA LUCIA","AZCAPOTZALCO","CLAVERIA",19.476964,-99.199178,"CAPA 25","EPSG:4326 - WGS 84 - GEOGRAFICA","01/10/2017","23/02/2022","13113, 12918","MC1699, MC1702, MC19017","STREET VIEW",9,"VERDADERO",25,"C5-25-00022","PANTEON SANTA LUCIA, AV TEZOZOMOC, CAM A NEXTENGO, SANTA LUCIA, AZCAPOTZALCO"
"23","C5-25-00023","PANTEONES","PANTEON SAN JUAN TLIHUACA","PANTEON - CEMENTERIO","FCO GAMBOA","SN","SN",2409,"ROMAN ALVAREZ","SAN JUAN TLIHUACA","AZCAPOTZALCO","CLAVERIA",19.48770525,-99.20593828,"CAPA 25","EPSG:4326 - WGS 84 - GEOGRAFICA","01/01/2013","23/02/2022","9205","MC14168","STREET VIEW",9,"VERDADERO",25,"C5-25-00023","PANTEON SAN JUAN TLIHUACA, FCO GAMBOA, ROMAN ALVAREZ, SAN JUAN TLIHUACA, AZCAPOTZALCO"
"24","C5-25-00024","PANTEONES","PANTEON EL CALVARIO","PANTEON - CEMENTERIO","12 DE DICIEMBRE","SN","SN",5000,"ENTRE JUAREZ Y MEXICO","CUAJIMALPA","CUAJIMALPA DE MORELOS","CUAJIMALPA",19.359687,-99.300673,"CAPA 25","EPSG:4326 - WGS 84 - GEOGRAFICA","01/01/2013","23/02/2022","5793, 5792","MC3522","STREET VIEW",9,"VERDADERO",25,"C5-25-00024","PANTEON EL CALVARIO, 12 DE DICIEMBRE, ENTRE JUAREZ Y MEXICO, CUAJIMALPA, CUAJIMALPA DE MORELOS"
"25","C5-25-00025","PANTEONES","PANTEON SAN LORENZO","PANTEON - CEMENTERIO","OCAMPO","SN","SN",5410,"8 DE MARZO","SAN LORENZO ACOPILCO","CUAJIMALPA DE MORELOS","CUAJIMALPA",19.331697,-99.328526,"CAPA 25","EPSG:4326 - WGS 84 - GEOGRAFICA","01/01/2013","23/02/2022","6618","MC3720, MC19024, MC19027, MC19026, MC19025","STREET VIEW",9,"VERDADERO",25,"C5-25-00025","PANTEON SAN LORENZO, OCAMPO, 8 DE MARZO, SAN LORENZO ACOPILCO, CUAJIMALPA DE MORELOS"
"26","C5-25-00026","PANTEONES","PANTEON SAN PABLO CHIMALPA","PANTEON - CEMENTERIO","CONSTITUCION","SN","SN",5050,"ENTRE CONCORDIA Y 12 DE OOCTUBRE","SAN PABLO CHIMALPA","CUAJIMALPA DE MORELOS","CUAJIMALPA",19.3513,-99.3183,"CAPA 25","EPSG:4326 - WGS 84 - GEOGRAFICA","01/01/2013","23/02/2022","","MC3789","STREET VIEW",9,"VERDADERO",25,"C5-25-00026","PANTEON SAN PABLO CHIMALPA, CONSTITUCION, ENTRE CONCORDIA Y 12 DE OOCTUBRE, SAN PABLO CHIMALPA, CUAJIMALPA DE MORELOS"
"27","C5-25-00027","PANTEONES","PANTEON SANTA ELENA","PANTEON - CEMENTERIO","CHAMIXTO","21 A","SN",0,"AUTOPISTA A CUAJIMALPA-NA","ZENTLAPATL","CUAJIMALPA DE MORELOS","CUAJIMALPA",19.3529,-99.3065,"CAPA 25","EPSG:4326 - WGS 84 - GEOGRAFICA","01/01/2013","23/02/2022","1254, 13187","","STREET VIEW",9,"VERDADERO",25,"C5-25-00027","PANTEON SANTA ELENA, CHAMIXTO, AUTOPISTA A CUAJIMALPA-NA, ZENTLAPATL, CUAJIMALPA DE MORELOS"
"28","C5-25-00028","PANTEONES","PANTEON SAN ISIDRO","PANTEON - CEMENTERIO","EJE 3 NORTE (CALZ. SAN ISIDRO)","SN","SN",2440,"ENTRE CALZ. LAS ARMAS Y CALZ. RENACIMIENTO","PROVIDENCIA","AZCAPOTZALCO","CLAVERIA",19.4873,-99.2131,"CAPA 25","EPSG:4326 - WGS 84 - GEOGRAFICA","01/01/2013","23/02/2022","373, 12796, 13083 , 13082, 125, 10038, 4680, 13080, 9202, 17208, 13034, 360, 4644, 12871","MC1421, MC19009, MC14139, MC1483, MC1473, MC19011, MC19012","STREET VIEW",9,"VERDADERO",25,"C5-25-00028","PANTEON SAN ISIDRO, EJE 3 NORTE (CALZ. SAN ISIDRO), ENTRE CALZ. LAS ARMAS Y CALZ. RENACIMIENTO, PROVIDENCIA, AZCAPOTZALCO"
"29","C5-25-00029","PANTEONES","PANTEON SAN ANDRES","PANTEON - CEMENTERIO","EJE 4 NORTE (PONIENTE 128)","SN","SN",2340,"NORTE 35","SANTA CRUZ DE LAS SALINAS","AZCAPOTZALCO","LA RAZA",19.489,-99.1549,"CAPA 25","EPSG:4326 - WGS 84 - GEOGRAFICA","01/01/2013","23/02/2022","301, 12776","","STREET VIEW",9,"VERDADERO",25,"C5-25-00029","PANTEON SAN ANDRES, EJE 4 NORTE (PONIENTE 128), NORTE 35, SANTA CRUZ DE LAS SALINAS, AZCAPOTZALCO"
"30","C5-25-00030","PANTEONES","PANTEON CIVIL DE SAN NICOLAS TOLENTINO","PANTEON - CEMENTERIO","AV SAN LORENZO","SN","SN",9850,"IZTACCIHUATL","PARQUE NACIONAL CERRO DE LA ESTRELLA","IZTAPALAPA","ESTRELLA",19.3427,-99.0833,"CAPA 25","EPSG:4326 - WGS 84 - GEOGRAFICA","01/01/2013","23/02/2022","4939, 9281, 4938, 16328, 16973, 4911, 16972","MC8094, MC8095, MC8052, MC8073, MC8075, MC19193, MC19194, MC19202, MC19187, MC19050, MC18988, MC19186, MC19185, MC19195, MC19197, MC19196, MC19165, MC19184, MC19183, MC19163, MC18946, MC19164, MC17422, MC19191, MC19182, MC19181, MC19180, MC19178, MC19179, MC19176, MC19190, MC19177, MC19049, MC19155, MC19166, MC18851, MC17280, MC19167, MC19188, MC19198, MC19168, MC19169, MC19158, MC19157, MC19171, MC19048, MC19170, MC19161, MC19159, MC19200, MC19159, MC19160, MC19172, MC19199, MC19162, MC19173, MC19189, MC19174, MC19047, MC19201, MC19175, MC17400","STREET VIEW",9,"VERDADERO",25,"C5-25-00030","PANTEON CIVIL DE SAN NICOLAS TOLENTINO, AV SAN LORENZO, IZTACCIHUATL, PARQUE NACIONAL CERRO DE LA ESTRELLA, IZTAPALAPA"
"31","C5-25-00031","PANTEONES","PANTEON DE SAN FERNANDO (PANTEON CDMX)","PANTEON - CEMENTERIO","SAN FERNANDO","SN","SN",6300,"HEROES","GUERRERO","CUAUHTEMOC","BUENAVISTA",19.4393,-99.148,"CAPA 25","EPSG:4326 - WGS 84 - GEOGRAFICA","01/01/2013","23/02/2022","6209, 2330","MC14112","STREET VIEW",9,"VERDADERO",25,"C5-25-00031","PANTEON DE SAN FERNANDO (PANTEON CDMX), SAN FERNANDO, HEROES, GUERRERO, CUAUHTEMOC"
"32","C5-25-00032","PANTEONES","PANTEON FRANCES BUENOS AIRES","PANTEON - CEMENTERIO","EJE 1 PONIENTE (AV CUAUHTEMOC)","SN","SN",6780,"VIADUCTO (MIGUEL ALEMAN) Y EJE 3 SUR (MORONES PRIETO)","BUENOS AIRES","CUAUHTEMOC","ASTURIAS",19.4053,-99.1535,"CAPA 25","EPSG:4326 - WGS 84 - GEOGRAFICA","01/01/2013","23/02/2022","2192","MC4149, MC4225, MC3866, MC3957","STREET VIEW",9,"VERDADERO",25,"C5-25-00032","PANTEON FRANCES BUENOS AIRES, EJE 1 PONIENTE (AV CUAUHTEMOC), VIADUCTO (MIGUEL ALEMAN) Y EJE 3 SUR (MORONES PRIETO), BUENOS AIRES, CUAUHTEMOC"
"33","C5-25-00033","PANTEONES","PANTEON DE IZTAPALAPA (LA CUEBITA)","PANTEON - CEMENTERIO","EJE 8 SUR (CALZ. ERMITA IZTAPALAPA)","1269","SN",9000,"CAM. CERRO DE LA ESTRELLA Y E. CORONA","SAN PABLO","IZTAPALAPA","ESTRELLA",19.3575,-99.0922,"CAPA 25","EPSG:4326 - WGS 84 - GEOGRAFICA","01/01/2013","23/02/2022","4956, 1627","MT4067","STREET VIEW",9,"VERDADERO",25,"C5-25-00033","PANTEON DE IZTAPALAPA (LA CUEBITA), EJE 8 SUR (CALZ. ERMITA IZTAPALAPA), CAM. CERRO DE LA ESTRELLA Y E. CORONA, SAN PABLO, IZTAPALAPA"
"34","C5-25-00034","PANTEONES","PANTEON SAN LORENZO TEZONCO","PANTEON - CEMENTERIO","AV  TLAHUAC","SN","SN",9790,"","PANTEON DE SAN LORENZO","IZTAPALAPA","TEZONCO",19.3107,-99.0615,"CAPA 25","EPSG:4326 - WGS 84 - GEOGRAFICA","01/01/2013","23/02/2022"," 17266, 16562, 682, 15232, 762, 16091, 16089, 5055, 15283, 7222, 16327","MC7255,  MC7304, MC8123, MC7603, MC19206,MC19226, MC19053, MC19205, MC19207, MC19224, MC19223, MC19225, MC19222, MC19208, MC19209, MC19210, MC19211, MC19218, MC19221, MC19220, MC19055, MC19054, MC19219, MC19213, MC19212, MC19214, MC19228, MC19215, MC19216, MC19227, MC19217","STREET VIEW",9,"VERDADERO",25,"C5-25-00034","PANTEON SAN LORENZO TEZONCO, AV  TLAHUAC, , PANTEON DE SAN LORENZO, IZTAPALAPA"
"35","C5-25-00035","PANTEONES","PANTEON SANTA MARIA ACULCO","PANTEON - CEMENTERIO","CIRCUITO INTERIOR RIO CHURUBUSCO","SN","SN",9410,"ENTRE SONORA Y VERACRUZ","ACULCO","IZTAPALAPA","GRANJAS",19.3756,-99.1025,"CAPA 25","EPSG:4326 - WGS 84 - GEOGRAFICA","01/01/2013","23/02/2022","","MC6548, MC19051, MC19052","STREET VIEW",9,"VERDADERO",25,"C5-25-00035","PANTEON SANTA MARIA ACULCO, CIRCUITO INTERIOR RIO CHURUBUSCO, ENTRE SONORA Y VERACRUZ, ACULCO, IZTAPALAPA"
"36","C5-25-00036","PANTEONES","PANTEON SANTIAGO ACAHUALTEPEC","PANTEON - CEMENTERIO","ALLENDE","SN","SN",9600,"5 DE MAYO","SANTIAGO ACAHUALTEPEC","IZTAPALAPA","TEOTONGO",19.354,-99.0024,"CAPA 25","EPSG:4326 - WGS 84 - GEOGRAFICA","01/01/2013","23/02/2022","6183","MC8464","STREET VIEW",9,"VERDADERO",25,"C5-25-00036","PANTEON SANTIAGO ACAHUALTEPEC, ALLENDE, 5 DE MAYO, SANTIAGO ACAHUALTEPEC, IZTAPALAPA"
"37","C5-25-00037","PANTEONES","PANTEON PUBLO DE SANTA MARTHA","PANTEON - CEMENTERIO","EVERARDO GONZALEZ","SN","SN",9510,"LOS ANGELES","EL EDEN","IZTAPALAPA","OASIS",19.3645,-99.012,"CAPA 25","EPSG:4326 - WGS 84 - GEOGRAFICA","01/10/2017","23/02/2022","16098, 739","MC8452, MC8451","STREET VIEW",9,"VERDADERO",25,"C5-25-00037","PANTEON PUBLO DE SANTA MARTHA, EVERARDO GONZALEZ, LOS ANGELES, EL EDEN, IZTAPALAPA"
"38","C5-25-00038","PANTEONES","PANTEON VECINAL DE CULHUACAN","PANTEON - CEMENTERIO","AV TLAHUAC","SN","SN",9800,"MORELOS","CULHUACAN","IZTAPALAPA","ESTRELLA",19.3401,-99.1074,"CAPA 25","EPSG:4326 - WGS 84 - GEOGRAFICA","01/01/2013","23/02/2022","16284, 15689","MC18947","STREET VIEW",9,"VERDADERO",25,"C5-25-00038","PANTEON VECINAL DE CULHUACAN, AV TLAHUAC, MORELOS, CULHUACAN, IZTAPALAPA"
"39","C5-25-00039","PANTEONES","PANTEON VECINAL SANTA CRUZ MEYEHUALCO","PANTEON - CEMENTERIO","JAVIERSTA. MARIA","SN","SN",9700,"ENTRE LUCIO BLANCO Y AV. 5 DE MAYO","LAS PEÑAS","IZTAPALAPA","QUETZAL",19.341,-99.0505,"CAPA 25","EPSG:4326 - WGS 84 - GEOGRAFICA","01/01/2013","23/02/2022","16321, 15511, 1500","MC19059, MC19056, MC19058","STREET VIEW",9,"1",25,"C5-25-00039","PANTEON VECINAL SANTA CRUZ MEYEHUALCO, JAVIERSTA. MARIA, ENTRE LUCIO BLANCO Y AV. 5 DE MAYO, LAS PEÑAS, IZTAPALAPA"
"40","C5-25-00040","PANTEONES","PANTEON VECINAL SANTA MARIA AZTAHUACAN","PANTEON - CEMENTERIO","AV PALMITAS","SN","SN",9730,"REFORMA MUNICIPAL (JALISCO)","REFORMA POLITICA","IZTAPALAPA","QUETZAL",19.3401,-99.0273,"CAPA 25","EPSG:4326 - WGS 84 - GEOGRAFICA","01/01/2013","23/02/2022","16124","MC7929, MC7917, MC7925, MC19148","STREET VIEW",9,"1",25,"C5-25-00040","PANTEON VECINAL SANTA MARIA AZTAHUACAN, AV PALMITAS, REFORMA MUNICIPAL (JALISCO), REFORMA POLITICA, IZTAPALAPA"
"41","C5-25-00041","PANTEONES","PANTEON 20 DE NOVIEMBRE","PANTEON - CEMENTERIO","SAN MARCOS","SN","SN",14000,"CONGRESO","TLALPAN CENTRO","TLALPAN","HUIPULCO-HOSPITALES",19.2821,-99.1693,"CAPA 25","EPSG:4326 - WGS 84 - GEOGRAFICA","01/01/2013","23/02/2022","14878, 5989","MC12452","STREET VIEW",9,"1",25,"C5-25-00041","PANTEON 20 DE NOVIEMBRE, SAN MARCOS, CONGRESO, TLALPAN CENTRO, TLALPAN"
"42","C5-25-00042","PANTEONES","PANTEON CHIMALCOYOTL","PANTEON - CEMENTERIO","DEL ROSAL","SN","SN",14630,"CLAVEL NORTE GUADALUPE VICTORIA","CHIMALCOYOTL","TLALPAN","HUIPULCO-HOSPITALES",19.2721,-99.165,"CAPA 25","EPSG:4326 - WGS 84 - GEOGRAFICA","01/01/2013","23/02/2022","1106","MC19233, MC19234, MC12333","STREET VIEW",9,"1",25,"C5-25-00042","PANTEON CHIMALCOYOTL, DEL ROSAL, CLAVEL NORTE GUADALUPE VICTORIA, CHIMALCOYOTL, TLALPAN"
"43","C5-25-00043","PANTEONES","PANTEON JARDIN DEL LLANO","PANTEON - CEMENTERIO","LIRIOS","SN","SN",13550,"ENTRE DALIAS Y HORTENSIAS","JARDINES DEL LLANO","TLAHUAC","MIXQUIC",19.2298,-98.9849,"CAPA 25","EPSG:4326 - WGS 84 - GEOGRAFICA","01/01/2013","23/02/2022","16672","MC10341, MC19230","STREET VIEW",9,"1",25,"C5-25-00043","PANTEON JARDIN DEL LLANO, LIRIOS, ENTRE DALIAS Y HORTENSIAS, JARDINES DEL LLANO, TLAHUAC"
"44","C5-25-00044","PANTEONES","PANTEON SAN ANDRES MIXQUIC","PANTEON - CEMENTERIO","PLUTARCO ELIAS CALLES","SN","SN",13640,"ENTRE INDEPENDENCIA Y JOSEFA ORTIZ DE DOMINGUEZ","LOS REYES MIXQUIC","TLAHUAC","MIXQUIC",19.2256,-98.9642,"CAPA 25","EPSG:4326 - WGS 84 - GEOGRAFICA","01/01/2013","23/02/2022","5726, 5728","MC19091, MC19090","STREET VIEW",9,"1",25,"C5-25-00044","PANTEON SAN ANDRES MIXQUIC, PLUTARCO ELIAS CALLES, ENTRE INDEPENDENCIA Y JOSEFA ORTIZ DE DOMINGUEZ, LOS REYES MIXQUIC, TLAHUAC"
"45","C5-25-00045","PANTEONES","PANTEON DE SANTO TOMAS AJUSCO","PANTEON - CEMENTERIO","CAMINO AL PANTEON","SN","SN",14710,"CDA DE HERMOSILLO","SANTO TOMAS AJUSCO","TLALPAN","TOPILEJO",19.2143,-99.2208,"CAPA 25","EPSG:4326 - WGS 84 - GEOGRAFICA","01/01/2013","23/02/2022","","MC19115, MC19116, MC19114","STREET VIEW",9,"1",25,"C5-25-00045","PANTEON DE SANTO TOMAS AJUSCO, CAMINO AL PANTEON, CDA DE HERMOSILLO, SANTO TOMAS AJUSCO, TLALPAN"
"46","C5-25-00046","PANTEONES","PANTEON DE STA. URSULA XITLA","PANTEON - CEMENTERIO","PANTEON","SN","SN",14420,"CDA DEL PANTEON","SANTA URSULA XITLA","TLALPAN","FUENTE",19.2801,-99.1778,"CAPA 25","EPSG:4326 - WGS 84 - GEOGRAFICA","01/01/2013","23/02/2022","1114","MC12393, MC19231","STREET VIEW",9,"1",25,"C5-25-00046","PANTEON DE STA. URSULA XITLA, PANTEON, CDA DEL PANTEON, SANTA URSULA XITLA, TLALPAN"
"47","C5-25-00047","PANTEONES","PANTEON MAGDALENA PETLACALCO","PANTEON - CEMENTERIO","AVENIDA DE LA CRUZ","SN","SN",14480,"CARR MEXICO AJUSCO","LA MAGDALENA PETLACALCO","TLALPAN","TOPILEJO",19.2334,-99.1827,"CAPA 25","EPSG:4326 - WGS 84 - GEOGRAFICA","01/01/2013","23/02/2022","15161","MC11895","STREET VIEW",9,"1",25,"C5-25-00047","PANTEON MAGDALENA PETLACALCO, AVENIDA DE LA CRUZ, CARR MEXICO AJUSCO, LA MAGDALENA PETLACALCO, TLALPAN"
"48","C5-25-00048","PANTEONES","PANTEON MILITAR","PANTEON - CEMENTERIO","AUTOPISTA MEXICO - CUERNAVACA","SN","SN",14408,"ROSAL","NUEVO RENACIMIENTO DE AXALCO","TLALPAN","TOPILEJO",19.2562,-99.1609,"CAPA 25","EPSG:4326 - WGS 84 - GEOGRAFICA","01/01/2013","23/02/2022","","MC11981, MC11982","STREET VIEW",9,"1",25,"C5-25-00048","PANTEON MILITAR, AUTOPISTA MEXICO - CUERNAVACA, ROSAL, NUEVO RENACIMIENTO DE AXALCO, TLALPAN"
"49","C5-25-00049","PANTEONES","PANTEON NUEVO DE TETELCO","PANTEON - CEMENTERIO","AVENIDA DEL PANTEON","SN","SN",12100,"BLAS CORRAL","EMILIANO ZAPATA","MILPA ALTA","TECOMITL",19.2091,-98.9739,"CAPA 25","EPSG:4326 - WGS 84 - GEOGRAFICA","01/01/2013","23/02/2022","","MC19085, MC10169","STREET VIEW",9,"1",25,"C5-25-00049","PANTEON NUEVO DE TETELCO, AVENIDA DEL PANTEON, BLAS CORRAL, EMILIANO ZAPATA, MILPA ALTA"
"50","C5-25-00050","PANTEONES","PANTEON PARRES EL GUARDA","PANTEON - CEMENTERIO","PENSAMIENTO","SN","SN",14900,"ROSAS","PARRES EL GUARDA","TLALPAN","TOPILEJO",19.133,-99.1802,"CAPA 25","EPSG:4326 - WGS 84 - GEOGRAFICA","01/10/2017","23/02/2022","","MC19102, MC19101, MC19103","STREET VIEW",9,"1",25,"C5-25-00050","PANTEON PARRES EL GUARDA, PENSAMIENTO, ROSAS, PARRES EL GUARDA, TLALPAN"
"51","C5-25-00051","PANTEONES","PANTEON SAN ANDRES TOTOLTEPEC","PANTEON - CEMENTERIO","5 DE MAYO","SN","SN",14400,"CDA 5 DE MAYO","SAN ANDRES TOTOLTEPEC","TLALPAN","TOPILEJO",19.2488,-99.1756,"CAPA 25","EPSG:4326 - WGS 84 - GEOGRAFICA","01/01/2013","23/02/2022","","MC12017, MC19104, MC19106, MC19107, MC19105","STREET VIEW",9,"1",25,"C5-25-00051","PANTEON SAN ANDRES TOTOLTEPEC, 5 DE MAYO, CDA 5 DE MAYO, SAN ANDRES TOTOLTEPEC, TLALPAN"
"52","C5-25-00052","PANTEONES","PANTEON SAN JUAN IXTAYOPAN","PANTEON - CEMENTERIO","CAMINO REAL","SN","SN",13509,"GABRIEL RAMOS MILLAN","LA CONCHITA","TLAHUAC","MIXQUIC",19.2414,-98.9984,"CAPA 25","EPSG:4326 - WGS 84 - GEOGRAFICA","01/01/2013","23/02/2022","4180","","STREET VIEW",9,"1",25,"C5-25-00052","PANTEON SAN JUAN IXTAYOPAN, CAMINO REAL, GABRIEL RAMOS MILLAN, LA CONCHITA, TLAHUAC"
"53","C5-25-00053","PANTEONES","PANTEON LOS REMEDIOS","PANTEON - CEMENTERIO","HERMANOS RAYON","15","SN",14710,"FFCC DE CUERNAVACA","SAN MIGUEL AJUSCO","TLALPAN","TOPILEJO",19.223,-99.1974,"CAPA 25","EPSG:4326 - WGS 84 - GEOGRAFICA","01/01/2013","23/02/2022","","MC12194, MC19238, MC19237, MC19236, MC19235","STREET VIEW",9,"1",25,"C5-25-00053","PANTEON LOS REMEDIOS, HERMANOS RAYON, FFCC DE CUERNAVACA, SAN MIGUEL AJUSCO, TLALPAN"
"54","C5-25-00054","PANTEONES","PANTEON SAN MIGUEL TOPILEJO","PANTEON - CEMENTERIO","CARR XOCHIMILCO TOPILEJO","SN","SN",14500,"LOS MUERTOS","SAN MIGUEL TOPILEJO","TLALPAN","TOPILEJO",19.2065,-99.1346,"CAPA 25","EPSG:4326 - WGS 84 - GEOGRAFICA","01/01/2013","23/02/2022","","MC12238, MC12237, MC19109, MC19108","STREET VIEW",9,"1",25,"C5-25-00054","PANTEON SAN MIGUEL TOPILEJO, CARR XOCHIMILCO TOPILEJO, LOS MUERTOS, SAN MIGUEL TOPILEJO, TLALPAN"
"55","C5-25-00055","PANTEONES","PANTEON SAN MIGUEL XICALCO","PANTEON - CEMENTERIO","DEL OLVIDO","SN","SN",14490,"ALTAVISTA","SAN MIGUEL XICALCO","TLALPAN","TOPILEJO",19.2343,-99.1703,"CAPA 25","EPSG:4326 - WGS 84 - GEOGRAFICA","01/01/2013","23/02/2022","14897","MC19110","STREET VIEW",9,"1",25,"C5-25-00055","PANTEON SAN MIGUEL XICALCO, DEL OLVIDO, ALTAVISTA, SAN MIGUEL XICALCO, TLALPAN"
"56","C5-25-00056","PANTEONES","PANTEON SAN PEDRO MARTIR","PANTEON - CEMENTERIO","5 DE MAYO","SN","SN",14650,"MIRASOL","SAN PEDRO MARTIR","TLALPAN","HUIPULCO-HOSPITALES",19.2668,-99.1739,"CAPA 25","EPSG:4326 - WGS 84 - GEOGRAFICA","01/01/2013","23/02/2022","","MC19112, MC12339, MC12348, MC12358","STREET VIEW",9,"1",25,"C5-25-00056","PANTEON SAN PEDRO MARTIR, 5 DE MAYO, MIRASOL, SAN PEDRO MARTIR, TLALPAN"
"57","C5-25-00057","PANTEONES","PANTEON SANTA CATARINA","PANTEON - CEMENTERIO","EJE 10 SUR CARR TLALTENCO","SN","SN",13115,"ANGEL CARMAÑO","SAN MIGUEL","TLAHUAC","MIXQUIC",19.3062,-98.9761,"CAPA 25","EPSG:4326 - WGS 84 - GEOGRAFICA","01/01/2013","23/02/2022","","MC19098, MC19097","STREET VIEW",9,"1",25,"C5-25-00057","PANTEON SANTA CATARINA, EJE 10 SUR CARR TLALTENCO, ANGEL CARMAÑO, SAN MIGUEL, TLAHUAC"
"58","C5-25-00058","PANTEONES","PANTEON GENERAL SAN PEDRO TLAHUAC","PANTEON - CEMENTERIO","SEVERINO CENICEROS","SN","SN",13070,"20 DE NOVIEMBRE","SAN MIGUEL","TLAHUAC","MIXQUIC",19.2678,-99,"CAPA 25","EPSG:4326 - WGS 84 - GEOGRAFICA","01/01/2013","23/02/2022","16590, 16589, 16539, 7805","MC18940, MC19096, MC19095","STREET VIEW",9,"1",25,"C5-25-00058","PANTEON GENERAL SAN PEDRO TLAHUAC, SEVERINO CENICEROS, 20 DE NOVIEMBRE, SAN MIGUEL, TLAHUAC"
"59","C5-25-00059","PANTEONES","PANTEON SAN FRANCISCO TLALTENCO","PANTEON - CEMENTERIO","MIGUEL HIDALGO","SN","SN",13400,"CAMINO A LAS MINAS","SAN FRANCISCO TLALTENCO","TLAHUAC","MIXQUIC",19.2996,-99.021,"CAPA 25","EPSG:4326 - WGS 84 - GEOGRAFICA","01/01/2013","23/02/2022","4201, 5781","MC19093, MC19094","STREET VIEW",9,"1",25,"C5-25-00059","PANTEON SAN FRANCISCO TLALTENCO, MIGUEL HIDALGO, CAMINO A LAS MINAS, SAN FRANCISCO TLALTENCO, TLAHUAC"
"60","C5-25-00060","PANTEONES","PANTEON ZAPOTITLAN","PANTEON - CEMENTERIO","INDEPENDENCIA","SN","SN",13300,"ENTRE PANTEON Y  ANTIGUO CAMINO A TLALTENCO","SANTIAGO NORTE","TLAHUAC","ZAPOTITLA",19.3016,-99.0252,"CAPA 25","EPSG:4326 - WGS 84 - GEOGRAFICA","01/01/2013","23/02/2022","16515, 5625, 4203","MC19099, MC19203","STREET VIEW",9,"1",25,"C5-25-00060","PANTEON ZAPOTITLAN, INDEPENDENCIA, ENTRE PANTEON Y  ANTIGUO CAMINO A TLALTENCO, SANTIAGO NORTE, TLAHUAC"
"61","C5-25-00061","PANTEONES","PANTEON GUADALUPE MIXCOAC","PANTEON - CEMENTERIO","GIRARDON","SN","SN",1420,"OLIVAR","SACRAMENTO","ALVARO OBREGON","PLATEROS",19.3807,-99.1984,"CAPA 25","EPSG:4326 - WGS 84 - GEOGRAFICA","01/01/2013","23/02/2022","5914","MC1114","STREET VIEW",9,"1",25,"C5-25-00061","PANTEON GUADALUPE MIXCOAC, GIRARDON, OLIVAR, SACRAMENTO, ALVARO OBREGON"
"62","C5-25-00062","PANTEONES","PANTEON JARDIN","PANTEON - CEMENTERIO","CALZ LAS AGUILAS","SN","SN",1760,"ENTRE ROMULO O FARRIL","PARQUE LAS AGUILAS","ALVARO OBREGON","ALPES",19.3507,-99.2127,"CAPA 25","EPSG:4326 - WGS 84 - GEOGRAFICA","01/01/2013","23/02/2022","12382, 12372, 4492, 12380, 5644, 12513, 12392, 4413, 5910, 5649","","STREET VIEW",9,"1",25,"C5-25-00062","PANTEON JARDIN, CALZ LAS AGUILAS, ENTRE ROMULO O FARRIL, PARQUE LAS AGUILAS, ALVARO OBREGON"
"63","C5-25-00063","PANTEONES","PANTEON LOMAS DE TARANGO","PANTEON - CEMENTERIO","PROL  5 DE MAYO","SN","SN",1620,"SANTA FE MILPA ALTA","MERCED GOMEZ","ALVARO OBREGON","ALPES",19.36262756,-99.20724515,"CAPA 25","EPSG:4326 - WGS 84 - GEOGRAFICA","01/01/2013","23/02/2022","12371","MC19000, MC19001","STREET VIEW",9,"1",25,"C5-25-00063","PANTEON LOMAS DE TARANGO, PROL  5 DE MAYO, SANTA FE MILPA ALTA, MERCED GOMEZ, ALVARO OBREGON"
"64","C5-25-00064","PANTEONES","PANTEON NUEVO JARDIN","PANTEON - CEMENTERIO","ALTO LERMA","SN","SN",1500,"","SANTA LUCIA","ALVARO OBREGON","SANTA FE",19.3534,-99.253,"CAPA 25","EPSG:4326 - WGS 84 - GEOGRAFICA","01/01/2013","23/02/2022","12595","","STREET VIEW",9,"1",25,"C5-25-00064","PANTEON NUEVO JARDIN, ALTO LERMA, , SANTA LUCIA, ALVARO OBREGON"
"65","C5-25-00065","PANTEONES","PANTEON SAN BARTOLO","PANTEON - CEMENTERIO","PALMAS","SN","SN",1859,"ENTRE DESIERTO DE LOS LEO","SAN BARTOLO AMEYALCO","ALVARO OBREGON","ALPES",19.32578074,-99.26912979,"CAPA 25","EPSG:4326 - WGS 84 - GEOGRAFICA","01/01/2013","23/02/2022","","MC1060","STREET VIEW",9,"1",25,"C5-25-00065","PANTEON SAN BARTOLO, PALMAS, ENTRE DESIERTO DE LOS LEO, SAN BARTOLO AMEYALCO, ALVARO OBREGON"
"66","C5-25-00066","PANTEONES","PANTEON SAN RAFAEL","PANTEON - CEMENTERIO","AV  REVOLUCION","SN","SN",1090,"EJE 10 SUR","LA OTRA BANDA","ALVARO OBREGON","SAN ANGEL",19.3378,-99.1916,"CAPA 25","EPSG:4326 - WGS 84 - GEOGRAFICA","01/01/2013","23/02/2022","12362, 12359","MC2931","STREET VIEW",9,"1",25,"C5-25-00066","PANTEON SAN RAFAEL, AV  REVOLUCION, EJE 10 SUR, LA OTRA BANDA, ALVARO OBREGON"
"67","C5-25-00067","PANTEONES","PANTEON SAN RAMON","PANTEON - CEMENTERIO","DE LOS MUTILES","SN","SN",1830,"TLALMIMINOLPAN","AGUILAS-STA LUCIA","ALVARO OBREGON","ALPES",19.3362,-99.279,"CAPA 25","EPSG:4326 - WGS 84 - GEOGRAFICA","01/01/2013","23/02/2022","287","MC19002, MC19003, MC19004","STREET VIEW",9,"1",25,"C5-25-00067","PANTEON SAN RAMON, DE LOS MUTILES, TLALMIMINOLPAN, AGUILAS-STA LUCIA, ALVARO OBREGON"
"68","C5-25-00068","PANTEONES","PANTEON SANTA FE","PANTEON - CEMENTERIO","VASCO DE QUIROGA","SN","SN",1260,"PASEO DE LA NIEVE","SANTA FE","ALVARO OBREGON","SANTA FE",19.3846,-99.2307,"CAPA 25","EPSG:4326 - WGS 84 - GEOGRAFICA","01/01/2013","23/02/2022","9149","","STREET VIEW",9,"1",25,"C5-25-00068","PANTEON SANTA FE, VASCO DE QUIROGA, PASEO DE LA NIEVE, SANTA FE, ALVARO OBREGON"
"69","C5-25-00069","PANTEONES","PANTEON SANTA ROSA","PANTEON - CEMENTERIO","DE LOS MUTILES","SN","SN",1830,"CARR SAN MATEO TLALT","SAN BARTOLO AMEYALCO","ALVARO OBREGON","ALPES",19.3342368,-99.28038952,"CAPA 25","EPSG:4326 - WGS 84 - GEOGRAFICA","01/01/2013","23/02/2022","","MC3774, MC19005","STREET VIEW",9,"1",25,"C5-25-00069","PANTEON SANTA ROSA, DE LOS MUTILES, CARR SAN MATEO TLALT, SAN BARTOLO AMEYALCO, ALVARO OBREGON"
"70","C5-25-00070","PANTEONES","PANTEON TETELPAN","PANTEON - CEMENTERIO","CJON DEL RECUERDO","SN","SN",1700,"SOLEDAD","TECALCAPA","ALVARO OBREGON","ALPES",19.3433,-99.2276,"CAPA 25","EPSG:4326 - WGS 84 - GEOGRAFICA","01/01/2013","23/02/2022","","MC102, MC19006","STREET VIEW",9,"1",25,"C5-25-00070","PANTEON TETELPAN, CJON DEL RECUERDO, SOLEDAD, TECALCAPA, ALVARO OBREGON"
"71","C5-25-00071","PANTEONES","PANTEON SAN BERNABE","PANTEON - CEMENTERIO","EMILIANO ZAPATA","SN","SN",10300,"PALMA ZURITA","SAN BERNABE OCOTEPEC","MAGDALENA CONTRERAS","SAN JERONIMO",19.3116,-99.2549,"CAPA 25","EPSG:4326 - WGS 84 - GEOGRAFICA","01/01/2013","23/02/2022","7290","","STREET VIEW",9,"1",25,"C5-25-00071","PANTEON SAN BERNABE, EMILIANO ZAPATA, PALMA ZURITA, SAN BERNABE OCOTEPEC, MAGDALENA CONTRERAS"
"72","C5-25-00072","PANTEONES","PANTEON SAN FRANCISCO MAGDALENA CONTRERAS","PANTEON - CEMENTERIO","AV SAN FRANCISCO 553","SN","SN",10500,"FRESNO","BARRIO SAN FRANCISCO","MAGDALENA CONTRERAS","DINAMO",19.3136,-99.2335,"CAPA 25","EPSG:4326 - WGS 84 - GEOGRAFICA","01/01/2013","23/02/2022","13307","MC19061, MC19060","STREET VIEW",9,"1",25,"C5-25-00072","PANTEON SAN FRANCISCO MAGDALENA CONTRERAS, AV SAN FRANCISCO 553, FRESNO, BARRIO SAN FRANCISCO, MAGDALENA CONTRERAS"
"73","C5-25-00073","PANTEONES","PANTEON SAN JERONIMO MAGDALENA CONTRERAS","PANTEON - CEMENTERIO","FFCC CUERNAVACA","SN","SN",10200,"HEROES DE PADIERNA","SAN JERONIMO LIDICE","MAGDALENA CONTRERAS","SAN JERONIMO",19.3299,-99.2256,"CAPA 25","EPSG:4326 - WGS 84 - GEOGRAFICA","01/01/2013","23/02/2022","4124","MC19152, MC19151","STREET VIEW",9,"1",25,"C5-25-00073","PANTEON SAN JERONIMO MAGDALENA CONTRERAS, FFCC CUERNAVACA, HEROES DE PADIERNA, SAN JERONIMO LIDICE, MAGDALENA CONTRERAS"
"74","C5-25-00074","PANTEONES","PANTEON SAN JOSE MAGDALENA CONTRERAS","PANTEON - CEMENTERIO","SOLEDAD","SN","SN",10900,"5 DE MAYO","SAN NICOLAS TOTOLAPAN","MAGDALENA CONTRERAS","DINAMO",19.2983,-99.2377,"CAPA 25","EPSG:4326 - WGS 84 - GEOGRAFICA","01/01/2013","23/02/2022","4128","MC19062","STREET VIEW",9,"1",25,"C5-25-00074","PANTEON SAN JOSE MAGDALENA CONTRERAS, SOLEDAD, 5 DE MAYO, SAN NICOLAS TOTOLAPAN, MAGDALENA CONTRERAS"
"75","C5-25-00075","PANTEONES","PANTEON SAN NICOLAS","PANTEON - CEMENTERIO","MATAMOROS","SN","SN",10900,"FFCC CUERNAVACA","SAN NICOLAS TOTOLAPAN","MAGDALENA CONTRERAS","DINAMO",19.2974302,-99.23450334,"CAPA 25","EPSG:4326 - WGS 84 - GEOGRAFICA","01/01/2013","23/02/2022","5305","MC19063","STREET VIEW",9,"1",25,"C5-25-00075","PANTEON SAN NICOLAS, MATAMOROS, FFCC CUERNAVACA, SAN NICOLAS TOTOLAPAN, MAGDALENA CONTRERAS"
"76","C5-25-00076","PANTEONES","PANTEON  SAN JUAN TEPENAHUAC","PANTEON - CEMENTERIO","FRESNO","15","SN",12800,"CAM MILPA ALTA","SAN JUAN TEPENAHUAC","MILPA ALTA","TECOMITL",19.19,-98.9957,"CAPA 25","EPSG:4326 - WGS 84 - GEOGRAFICA","01/01/2013","23/02/2022","","MC10001, MC19084, MC19083","STREET VIEW",9,"1",25,"C5-25-00076","PANTEON  SAN JUAN TEPENAHUAC, FRESNO, CAM MILPA ALTA, SAN JUAN TEPENAHUAC, MILPA ALTA"
"77","C5-25-00077","PANTEONES","PANTEON ALEMAN","PANTEON - CEMENTERIO","CALZ MEXICO TACUBA","SN","SN",11230,"AV 1131","ARGENTINA PONIENTE","MIGUEL HIDALGO","TACUBA",19.4594,-99.1997,"CAPA 25","EPSG:4326 - WGS 84 - GEOGRAFICA","01/01/2013","23/02/2022","7351, 7388","","STREET VIEW",9,"VERDADERO",25,"C5-25-00077","PANTEON ALEMAN, CALZ MEXICO TACUBA, AV 1131, ARGENTINA PONIENTE, MIGUEL HIDALGO"
"78","C5-25-00078","PANTEONES","PANTEON AMERICANO","PANTEON - CEMENTERIO","CALZ SAN BARTOLO NAUCALPAN","SN","SN",11230,"LAGO BUENOS AIRES","ARGENTINA PONIENTE","MIGUEL HIDALGO","TACUBA",19.4592,-99.2016,"CAPA 25","EPSG:4326 - WGS 84 - GEOGRAFICA","01/01/2013","23/02/2022","3141","","STREET VIEW",9,"VERDADERO",25,"C5-25-00078","PANTEON AMERICANO, CALZ SAN BARTOLO NAUCALPAN, LAGO BUENOS AIRES, ARGENTINA PONIENTE, MIGUEL HIDALGO"
"79","C5-25-00079","PANTEONES","PANTEON CIVIL DE DOLORES","PANTEON - CEMENTERIO","AV DE LOS CONSTITUYENTES","SN","SN",11100,"6A CLASE","BOSQUE DE CHAPULTEPEC III SECCION","MIGUEL HIDALGO","TACUBAYA",19.4079,-99.2066,"CAPA 25","EPSG:4326 - WGS 84 - GEOGRAFICA","01/01/2013","23/02/2022","13372, 2765, 7406, 7914, 13868, 13487, 11611, 2765","MC19067,MC19068","STREET VIEW",9,"VERDADERO",25,"C5-25-00079","PANTEON CIVIL DE DOLORES, AV DE LOS CONSTITUYENTES, 6A CLASE, BOSQUE DE CHAPULTEPEC III SECCION, MIGUEL HIDALGO"
"80","C5-25-00080","PANTEONES","PANTEON ESPAï¿½OL","PANTEON - CEMENTERIO","CALZ SAN BARTOLO NAUCALPAN","SN","SN",11230,"","ARGENTINA PONIENTE","MIGUEL HIDALGO","TACUBA",19.4615,-99.2065,"CAPA 25","EPSG:4326 - WGS 84 - GEOGRAFICA","01/01/2013","23/02/2022","13401, 15166, 16976, 3259, 13504, 13503","MC9375,MC5152,MC5194","STREET VIEW",9,"VERDADERO",25,"C5-25-00080","PANTEON ESPAï¿½OL, CALZ SAN BARTOLO NAUCALPAN, , ARGENTINA PONIENTE, MIGUEL HIDALGO"
"81","C5-25-00081","PANTEONES","PANTEON FRANCES SAN JOAQUIN","PANTEON - CEMENTERIO","RIO SAN JOAQUIN","SN","SN",11260,"CALZ LEGARIA","PANTEON FRANCES","MIGUEL HIDALGO","SOTELO",19.4497,-99.2064,"CAPA 25","EPSG:4326 - WGS 84 - GEOGRAFICA","01/01/2013","23/02/2022","13741, 13853, 7394, 13648","","STREET VIEW",9,"VERDADERO",25,"C5-25-00081","PANTEON FRANCES SAN JOAQUIN, RIO SAN JOAQUIN, CALZ LEGARIA, PANTEON FRANCES, MIGUEL HIDALGO"
"82","C5-25-00082","PANTEONES","PANTEON SAN PABLO HUILOTEPEC","PANTEON - CEMENTERIO","CJON. BENITO JUAREZ","SN","SN",12300,"MONTE ALEGRE","ZONA RUSTICA MILPA ALTA","MILPA ALTA","MILPA ALTA",19.1813,-99.0846,"CAPA 25","EPSG:4326 - WGS 84 - GEOGRAFICA","01/01/2013","23/02/2022","","","STREET VIEW",9,"VERDADERO",25,"C5-25-00082","PANTEON SAN PABLO HUILOTEPEC, CJON. BENITO JUAREZ, MONTE ALEGRE, ZONA RUSTICA MILPA ALTA, MILPA ALTA"
"83","C5-25-00083","PANTEONES","PANTEON ISRAELITA","PANTEON - CEMENTERIO","SUR 144","SN","SN",11810,"AV CONSTITUYENTES","16 DE SEPTIEMBRE","MIGUEL HIDALGO","TACUBAYA",19.4028394,-99.20618642,"CAPA 25","EPSG:4326 - WGS 84 - GEOGRAFICA","01/01/2013","23/02/2022","","MC9285, MC9284, MC9297","STREET VIEW",9,"VERDADERO",25,"C5-25-00083","PANTEON ISRAELITA, SUR 144, AV CONSTITUYENTES, 16 DE SEPTIEMBRE, MIGUEL HIDALGO"
"84","C5-25-00084","PANTEONES","PANTEON ISRAELITA ALIANZA MONTE SINAI","PANTEON - CEMENTERIO","CALZ MEXICO TACUBA","SN","SN",11270,"AV 1151","ARGENTINA PONIENTE","MIGUEL HIDALGO","TACUBA",19.45999666,-99.20011585,"CAPA 25","EPSG:4326 - WGS 84 - GEOGRAFICA","01/01/2013","23/02/2022","7351","","STREET VIEW",9,"VERDADERO",25,"C5-25-00084","PANTEON ISRAELITA ALIANZA MONTE SINAI, CALZ MEXICO TACUBA, AV 1151, ARGENTINA PONIENTE, MIGUEL HIDALGO"
"85","C5-25-00085","PANTEONES","PANTEON MILPA ALTA","PANTEON - CEMENTERIO","GUANAJUATO ORIENTE","SN","SN",12933,"PROL. GUANAJUATO","SAN AGUSTIN 481","MILPA ALTA","MILPA ALTA",19.1894,-99.0132,"CAPA 25","EPSG:4326 - WGS 84 - GEOGRAFICA","01/01/2013","23/02/2022","525","MC19145,MC19074","STREET VIEW",9,"VERDADERO",25,"C5-25-00085","PANTEON MILPA ALTA, GUANAJUATO ORIENTE, PROL. GUANAJUATO, SAN AGUSTIN 481, MILPA ALTA"
"86","C5-25-00086","PANTEONES","PANTEON SAN ANTONIO TECOMITL","PANTEON - CEMENTERIO","12 DE OCTUBRE","SN","SN",12100,"20 DE NOVIEMBRE","XOCHITEPEC","MILPA ALTA","TECOMITL",19.2132,-98.9822,"CAPA 25","EPSG:4326 - WGS 84 - GEOGRAFICA","01/01/2013","23/02/2022","16368","MC19076,MC19077,MC19078,MC19075","STREET VIEW",9,"VERDADERO",25,"C5-25-00086","PANTEON SAN ANTONIO TECOMITL, 12 DE OCTUBRE, 20 DE NOVIEMBRE, XOCHITEPEC, MILPA ALTA"
"87","C5-25-00087","PANTEONES","PANTEON SAN BARTOLOME XICOMULCO","PANTEON - CEMENTERIO","FRANCISCO I MADERO SUR","SN","SN",12250,"VENUSTIANO CARRANZA","SAN BARTOLOME XICOMULCO","MILPA ALTA","MILPA ALTA",19.2014,-99.0684,"CAPA 25","EPSG:4326 - WGS 84 - GEOGRAFICA","01/01/2013","23/02/2022","","MC19079","STREET VIEW",9,"VERDADERO",25,"C5-25-00087","PANTEON SAN BARTOLOME XICOMULCO, FRANCISCO I MADERO SUR, VENUSTIANO CARRANZA, SAN BARTOLOME XICOMULCO, MILPA ALTA"
"88","C5-25-00088","PANTEONES","PANTEON DE SAN FRANCISCO TECOXPA","PANTEON - CEMENTERIO","INDEPENDENCIA","SN","SN",12700,"1A INDEPENDENCIA","SAN FRANCISCO TECOXPA","MILPA ALTA","TECOMITL",19.195,-99.0036,"CAPA 25","EPSG:4326 - WGS 84 - GEOGRAFICA","01/01/2013","23/02/2022","","MC19080","STREET VIEW",9,"VERDADERO",25,"C5-25-00088","PANTEON DE SAN FRANCISCO TECOXPA, INDEPENDENCIA, 1A INDEPENDENCIA, SAN FRANCISCO TECOXPA, MILPA ALTA"
"89","C5-25-00089","PANTEONES","PANTEON SAN JERONIMO MIACATLAN","PANTEON - CEMENTERIO","ESPAï¿½A","SN","SN",12610,"3RA CDA ESPAï¿½A","SAN JERONIMO MIACATLAN","MILPA ALTA","TECOMITL",19.19067457,-99.00103132,"CAPA 25","EPSG:4326 - WGS 84 - GEOGRAFICA","01/01/2013","23/02/2022","16404","MC19081,MC19082","STREET VIEW",9,"VERDADERO",25,"C5-25-00089","PANTEON SAN JERONIMO MIACATLAN, ESPAï¿½A, 3RA CDA ESPAï¿½A, SAN JERONIMO MIACATLAN, MILPA ALTA"
"90","C5-25-00090","PANTEONES","PANTEON SAN PABLO OZTOTEPEC","PANTEON - CEMENTERIO","VICENTE GUERRERO","SN","SN",12420,"ENTRE CJON VICENTE GUERRERO Y PROGRESO","CHALMITA (SAN PABLO OZTOTEPEC)","MILPA ALTA","MILPA ALTA",19.1758,-99.0707,"CAPA 25","EPSG:4326 - WGS 84 - GEOGRAFICA","01/01/2013","23/02/2022","","MC19087,MC19086","STREET VIEW",9,"VERDADERO",25,"C5-25-00090","PANTEON SAN PABLO OZTOTEPEC, VICENTE GUERRERO, ENTRE CJON VICENTE GUERRERO Y PROGRESO, CHALMITA (SAN PABLO OZTOTEPEC), MILPA ALTA"
"91","C5-25-00091","PANTEONES","PANTEON SAN PEDRO ATOCPAN","PANTEON - CEMENTERIO","PROL JUSTO SIERRA","SN","SN",12200,"VENUSTIANO CARRANZA","OCOTITLA","MILPA ALTA","MILPA ALTA",19.2015,-99.0552,"CAPA 25","EPSG:4326 - WGS 84 - GEOGRAFICA","01/01/2013","23/02/2022","","MC19153,MC19154","STREET VIEW",9,"VERDADERO",25,"C5-25-00091","PANTEON SAN PEDRO ATOCPAN, PROL JUSTO SIERRA, VENUSTIANO CARRANZA, OCOTITLA, MILPA ALTA"
"92","C5-25-00092","PANTEONES","PANTEON SAN SALVADOR CUAUHTENCO","PANTEON - CEMENTERIO","PROL. JALAPA","SN","SN",12300,"ENTRE CDA. CAPULIN Y CALLE PRIVADA","ZONA RUSTICA MILPA ALTA","MILPA ALTA","MILPA ALTA",19.1837,-99.0938,"CAPA 25","EPSG:4326 - WGS 84 - GEOGRAFICA","01/01/2013","23/02/2022","16439","","STREET VIEW",9,"VERDADERO",25,"C5-25-00092","PANTEON SAN SALVADOR CUAUHTENCO, PROL. JALAPA, ENTRE CDA. CAPULIN Y CALLE PRIVADA, ZONA RUSTICA MILPA ALTA, MILPA ALTA"
"93","C5-25-00093","PANTEONES","PANTEON SANCTORUM","PANTEON - CEMENTERIO","CALZ MEXICO TACUBA","SN","SN",11260,"ENTRE INGENIEROS MILITARES Y GRAL. ARISTA","SAN JOAQUIN","MIGUEL HIDALGO","SOTELO",19.4545,-99.2129,"CAPA 25","EPSG:4326 - WGS 84 - GEOGRAFICA","01/01/2013","23/02/2022","1520 ,3139 ,3234 ,13427 ,13635 ,13649 ,13650 ,13651 ,13652 ,16981","MC19073","STREET VIEW",9,"VERDADERO",25,"C5-25-00093","PANTEON SANCTORUM, CALZ MEXICO TACUBA, ENTRE INGENIEROS MILITARES Y GRAL. ARISTA, SAN JOAQUIN, MIGUEL HIDALGO"
"94","C5-25-00094","PANTEONES","PANTEON SANTA ANA TLACOTENCO","PANTEON - CEMENTERIO","GUADALUPE I RAMIREZ","SN","SN",12930,"SOR JUANA INES DE LA CRUZ","SAN MIGUEL (SANTA ANA TLACOTENCO)","MILPA ALTA","TECOMITL",19.1727,-99.0017,"CAPA 25","EPSG:4326 - WGS 84 - GEOGRAFICA","01/01/2013","23/02/2022","16394","MC16088,MC19089","STREET VIEW",9,"VERDADERO",25,"C5-25-00094","PANTEON SANTA ANA TLACOTENCO, GUADALUPE I RAMIREZ, SOR JUANA INES DE LA CRUZ, SAN MIGUEL (SANTA ANA TLACOTENCO), MILPA ALTA"
"95","C5-25-00095","PANTEONES","PANTEON SANTA MARIA TICOMAN ANEXO","PANTEON - CEMENTERIO","CHIQUIHUITE","SN","SN",7350,"ENTRE ALLENDE Y LAZARO CA","BARRIO CANDELARIA TICOMAN","GUSTAVO A. MADERO","TICOMAN",19.5207,-99.1334,"CAPA 25","EPSG:4326 - WGS 84 - GEOGRAFICA","01/01/2013","23/02/2022","","MC19038","STREET VIEW",9,"VERDADERO",25,"C5-25-00095","PANTEON SANTA MARIA TICOMAN ANEXO, CHIQUIHUITE, ENTRE ALLENDE Y LAZARO CA, BARRIO CANDELARIA TICOMAN, GUSTAVO A. MADERO"
"96","C5-25-00096","PANTEONES","PANTEON ATZACOLACO VIEJO","PANTEON - CEMENTERIO","CERRITOS","SN","SN",7040,"ESQ. CABO FINISTERRE","SANTIAGO ATZACOALCO","GUSTAVO A. MADERO","QUIROGA",19.5006,-99.0957,"CAPA 25","EPSG:4326 - WGS 84 - GEOGRAFICA","01/01/2013","23/02/2022","6826, 11076","MC19030","STREET VIEW",9,"VERDADERO",25,"C5-25-00096","PANTEON ATZACOLACO VIEJO, CERRITOS, ESQ. CABO FINISTERRE, SANTIAGO ATZACOALCO, GUSTAVO A. MADERO"
"97","C5-25-00097","PANTEONES","PANTEON CERRO DEL TEPEYAC","PANTEON - CEMENTERIO","QUINTANA ROO","SN","SN",7050,"ALLENDE","VILLA GUSTAVO A MADERO","GUSTAVO A. MADERO","QUIROGA",19.4873,-99.116,"CAPA 25","EPSG:4326 - WGS 84 - GEOGRAFICA","01/10/2017","23/02/2022","","MC19042,MC19041","STREET VIEW",9,"VERDADERO",25,"C5-25-00097","PANTEON CERRO DEL TEPEYAC, QUINTANA ROO, ALLENDE, VILLA GUSTAVO A MADERO, GUSTAVO A. MADERO"
"98","C5-25-00098","PANTEONES","PANTEON SANTA MARIA TICOMAN","PANTEON - CEMENTERIO","ACUEDUCTO","SN","SN",7350,"ENTRE TICOMAN Y SAN JUAN","SAN JUAN Y GUADALUPE TICOMAN","GUSTAVO A. MADERO","TICOMAN",19.5201,-99.1335,"CAPA 25","EPSG:4326 - WGS 84 - GEOGRAFICA","01/01/2013","23/02/2022","6792","MC19039","STREET VIEW",9,"VERDADERO",25,"C5-25-00098","PANTEON SANTA MARIA TICOMAN, ACUEDUCTO, ENTRE TICOMAN Y SAN JUAN, SAN JUAN Y GUADALUPE TICOMAN, GUSTAVO A. MADERO"
"99","C5-25-00099","PANTEONES","PANTEON CUAUTEPEC","PANTEON - CEMENTERIO","AV FCO. VILLA","SN","SN",7190,"5 DE MAYO","LOMA LA PALMA","GUSTAVO A. MADERO","CUAUTEPEC",19.5507,-99.1417,"CAPA 25","EPSG:4326 - WGS 84 - GEOGRAFICA","01/01/2013","23/02/2022","17, 10841","MC5116,MC19031","STREET VIEW",9,"VERDADERO",25,"C5-25-00099","PANTEON CUAUTEPEC, AV FCO. VILLA, 5 DE MAYO, LOMA LA PALMA, GUSTAVO A. MADERO"
"100","C5-25-00100","PANTEONES","PANTEON DE XOCO","PANTEON - CEMENTERIO","AV MEXICO COYOACAN","SN","SN",4100,"ENTRE AV RIO CHURUBUSCO Y REAL DE MAYORAZGO","XOCO","BENITO JUAREZ","PORTALES",19.359,-99.1649,"CAPA 25","EPSG:4326 - WGS 84 - GEOGRAFICA","01/01/2013","23/02/2022","439, 2955, 3308","MC1975 ,MC1982 ,MC2506","STREET VIEW",9,"VERDADERO",25,"C5-25-00100","PANTEON DE XOCO, AV MEXICO COYOACAN, ENTRE AV RIO CHURUBUSCO Y REAL DE MAYORAZGO, XOCO, BENITO JUAREZ"
"101","C5-25-00101","PANTEONES","PANTEON GUADALUPE HIDALGO","PANTEON - CEMENTERIO","GRAL. PEDRO MARIA ANAYA","SN","SN",7070,"ENTRE 5 DE FEBRERO Y GRAL. FRANCISCO COSS","15 DE AGOSTO","GUSTAVO A. MADERO","QUIROGA",19.4843,-99.1103,"CAPA 25","EPSG:4326 - WGS 84 - GEOGRAFICA","01/01/2013","23/02/2022","1904","MC19149,MC17175,MC19150","STREET VIEW",9,"VERDADERO",25,"C5-25-00101","PANTEON GUADALUPE HIDALGO, GRAL. PEDRO MARIA ANAYA, ENTRE 5 DE FEBRERO Y GRAL. FRANCISCO COSS, 15 DE AGOSTO, GUSTAVO A. MADERO"
"102","C5-25-00102","PANTEONES","PANTEON DE LA CANDELARIA","PANTEON - CEMENTERIO","AV DEL PANTEON","SN","SN",4380,"2A PRIV AV DEL PANTEON","DE LA CANDELARIA","COYOACAN","XOTEPINGO",19.3309,-99.1484,"CAPA 25","EPSG:4326 - WGS 84 - GEOGRAFICA","01/10/2017","23/02/2022","","","STREET VIEW",9,"VERDADERO",25,"C5-25-00102","PANTEON DE LA CANDELARIA, AV DEL PANTEON, 2A PRIV AV DEL PANTEON, DE LA CANDELARIA, COYOACAN"
"103","C5-25-00103","PANTEONES","PANTEON DE LOS REYES","PANTEON - CEMENTERIO","DIVISION DEL NORTE","SN","SN",4330,"DEL RASTRO","LOS REYES","COYOACAN","COYOACAN",19.3383,-99.148,"CAPA 25","EPSG:4326 - WGS 84 - GEOGRAFICA","01/01/2013","23/02/2022","","","STREET VIEW",9,"VERDADERO",25,"C5-25-00103","PANTEON DE LOS REYES, DIVISION DEL NORTE, DEL RASTRO, LOS REYES, COYOACAN"
"104","C5-25-00104","PANTEONES","PANTEON MAUSOLEOS DEL ANGEL","PANTEON - CEMENTERIO","AV DEL IMAN","730","SN",4700,"ENTRE TLACUILOCALLI Y CRE","PEDREGAL DE CARRASCO","COYOACAN","XOTEPINGO",19.3079,-99.1781,"CAPA 25","EPSG:4326 - WGS 84 - GEOGRAFICA","01/01/2013","23/02/2022","","","STREET VIEW",9,"VERDADERO",25,"C5-25-00104","PANTEON MAUSOLEOS DEL ANGEL, AV DEL IMAN, ENTRE TLACUILOCALLI Y CRE, PEDREGAL DE CARRASCO, COYOACAN"
"105","C5-25-00105","PANTEONES","PANTEON ATZACOALCO NUEVO","PANTEON - CEMENTERIO","SAN JUANICO","SN","SN",7089,"ENRIQUE TORRES CALDERON","AMPLIACION GABRIEL HERNANDEZ","GUSTAVO A. MADERO","QUIROGA",19.5049,-99.0986,"CAPA 25","EPSG:4326 - WGS 84 - GEOGRAFICA","01/01/2013","23/02/2022","6760, 6954","MC19029","STREET VIEW",9,"VERDADERO",25,"C5-25-00105","PANTEON ATZACOALCO NUEVO, SAN JUANICO, ENRIQUE TORRES CALDERON, AMPLIACION GABRIEL HERNANDEZ, GUSTAVO A. MADERO"
"106","C5-25-00106","PANTEONES","PANTEON PUEBLO DE SAN JUAN DE ARAGON","PANTEON - CEMENTERIO","AV IGNACIO ALLENDE","SN","SN",7950,"ESQ. ISAIAS CABRERA","SAN JUAN DE ARAGON","GUSTAVO A. MADERO","ARAGON",19.4675,-99.0897,"CAPA 25","EPSG:4326 - WGS 84 - GEOGRAFICA","01/01/2013","23/02/2022","11249","MC19034,MC19035,MC19033","STREET VIEW",9,"VERDADERO",25,"C5-25-00106","PANTEON PUEBLO DE SAN JUAN DE ARAGON, AV IGNACIO ALLENDE, ESQ. ISAIAS CABRERA, SAN JUAN DE ARAGON, GUSTAVO A. MADERO"
"107","C5-25-00107","PANTEONES","PANTEON SAN BARTOLO ATEPEHUAN","PANTEON - CEMENTERIO","45 METROS","SN","SN",7730,"1ERO DE AGOSTO","SAN BARTOLO ATEPEHUACAN","GUSTAVO A. MADERO","LINDAVISTA",19.4933,-99.1409,"CAPA 25","EPSG:4326 - WGS 84 - GEOGRAFICA","01/01/2013","23/02/2022","","MC5464","STREET VIEW",9,"VERDADERO",25,"C5-25-00107","PANTEON SAN BARTOLO ATEPEHUAN, 45 METROS, 1ERO DE AGOSTO, SAN BARTOLO ATEPEHUACAN, GUSTAVO A. MADERO"
"108","C5-25-00108","PANTEONES","PANTEON DEL PUEBLO DE SAN FRANCISCO CULHUACAN","PANTEON - CEMENTERIO","SANTA ANA","SN","SN",4260,"HIDALGO","SAN FRANCISCO CULHUACAN","COYOACAN","TAXQUEÃ‘A",19.3347,-99.1205,"CAPA 25","EPSG:4326 - WGS 84 - GEOGRAFICA","01/01/2013","23/02/2022","6235, 14672","","STREET VIEW",9,"VERDADERO",25,"C5-25-00108","PANTEON DEL PUEBLO DE SAN FRANCISCO CULHUACAN, SANTA ANA, HIDALGO, SAN FRANCISCO CULHUACAN, COYOACAN"
"109","C5-25-00109","PANTEONES","PANTEON SAN PABLO TEPEPTLAPA","PANTEON - CEMENTERIO","CALZADA DE TLALPAN","SN","SN",4620,"BENITO JUAREZ","PUEBLO DE SAN PABLO TEPETLAPA","COYOACAN","XOTEPINGO",19.322,-99.1385,"CAPA 25","EPSG:4326 - WGS 84 - GEOGRAFICA","01/10/2017","23/02/2022","","","STREET VIEW",9,"VERDADERO",25,"C5-25-00109","PANTEON SAN PABLO TEPEPTLAPA, CALZADA DE TLALPAN, BENITO JUAREZ, PUEBLO DE SAN PABLO TEPETLAPA, COYOACAN"
"110","C5-25-00110","PANTEONES","PANTEON SAN PEDRO ZACATENCO","PANTEON - CEMENTERIO","CARTAGENA SUR","SN","SN",7360,"ENTRE ACUEDUCTO Y PARAMARIBO","SAN PEDRO ZACATENCO","GUSTAVO A. MADERO","LINDAVISTA",19.505,-99.1209,"CAPA 25","EPSG:4326 - WGS 84 - GEOGRAFICA","01/01/2013","23/02/2022","","MC19036,MC5773, MC5780","STREET VIEW",9,"VERDADERO",25,"C5-25-00110","PANTEON SAN PEDRO ZACATENCO, CARTAGENA SUR, ENTRE ACUEDUCTO Y PARAMARIBO, SAN PEDRO ZACATENCO, GUSTAVO A. MADERO"
"111","C5-25-00111","PANTEONES","PANTEON SANTA ISABEL TOLA","PANTEON - CEMENTERIO","TENOCHTITLAN","SN","SN",7010,"ENTRE TEPALCATZIN Y CACAMA","SANTA ISABEL TOLA","GUSTAVO A. MADERO","QUIROGA",19.50005185,-99.11598732,"CAPA 25","EPSG:4326 - WGS 84 - GEOGRAFICA","01/01/2013","23/02/2022","10892, 1394","MC19037","STREET VIEW",9,"VERDADERO",25,"C5-25-00111","PANTEON SANTA ISABEL TOLA, TENOCHTITLAN, ENTRE TEPALCATZIN Y CACAMA, SANTA ISABEL TOLA, GUSTAVO A. MADERO"
"112","C5-25-00112","PANTEONES","PANTEON SANTA URSULA","PANTEON - CEMENTERIO","BENITO JUAREZ","SN","SN",4650,"ALLENDE","SANTA URSULA COAPA","COYOACAN","XOTEPINGO",19.3088,-99.1426,"CAPA 25","EPSG:4326 - WGS 84 - GEOGRAFICA","01/10/2017","23/02/2022","","","STREET VIEW",9,"VERDADERO",25,"C5-25-00112","PANTEON SANTA URSULA, BENITO JUAREZ, ALLENDE, SANTA URSULA COAPA, COYOACAN"
"113","C5-25-00113","PANTEONES","PANTEON SANTIAGO ATEPETLAC","PANTEON - CEMENTERIO","ROJO GOMEZ","SN","SN",7600,"CALLE 28","PROGRESO NACIONAL","GUSTAVO A. MADERO","TICOMAN",19.5224,-99.1616,"CAPA 25","EPSG:4326 - WGS 84 - GEOGRAFICA","01/01/2013","23/02/2022","","MC5832,MC19040","STREET VIEW",9,"VERDADERO",25,"C5-25-00113","PANTEON SANTIAGO ATEPETLAC, ROJO GOMEZ, CALLE 28, PROGRESO NACIONAL, GUSTAVO A. MADERO"
